time,pole1,pole2,pole3,pole4,pole5,pole6
17.958,0.3815226430930864,0.3772095230581555,0.46331675465447825,0.4633272052601919,0.37719265193731344,0.38152592229733234
17.958,0.3815226430930864,0.3772095230581555,0.46331675465447825,0.4633272052601919,0.37719265193731344,0.38152592229733234
18.008,0.38139897570150816,0.3770826406449133,0.4631879239612639,0.46319863237574915,0.3770626834878371,0.3814074876654195
18.058,0.38132357173158454,0.3770010800107312,0.4631069723657963,0.46311883714230084,0.37698441930068693,0.3813321595626637
18.108,0.3812094811097883,0.376879918511299,0.46298493785323463,0.4629961911485937,0.3768607811640782,0.38121786910064004
18.185,0.3810542280411533,0.3767137095004007,0.462818755172513,0.46283020426370186,0.3766959494186779,0.3810625949167762
18.208,0.38101610129853386,0.3766730606342662,0.4627779320000019,0.4627893245490626,0.37665496133985654,0.38102442458616576
18.258,0.38093848354716503,0.37659046770982263,0.4626949614873796,0.4627063271243188,0.37657184461068904,0.38094688552785205
18.308,0.3808224770427724,0.3764664284557047,0.4625708199076361,0.46258221153783863,0.37644834117040027,0.3808308613506689
18.358,0.3807455742751572,0.3763843695186379,0.4624885105286211,0.46249989288773374,0.37636606030509095,0.38075394431465287
18.408,0.38062943226216867,0.3762604092505658,0.46236426396858277,0.46237564542812365,0.37624211459307577,0.38063783901597015
18.458,0.38055236846248597,0.3761780784443426,0.46228177529122044,0.4622931615311634,0.37615985365571936,0.3805607578067779
18.508,0.38043653975682235,0.3760544489844273,0.46215782677795464,0.4621692094925797,0.3760361171150109,0.38044494297262765
18.558,0.3803593015816544,0.3759719570631322,0.4620751651277771,0.4620865506967231,0.3759536819237619,0.38036770715511015
18.608,0.3802435656841731,0.3758483717355097,0.46195129042296545,0.46196267808326086,0.3758300730155255,0.3802519708328
18.658,0.3801663353919316,0.37576590706437796,0.4618686338092713,0.4618800219159466,0.37574760384349043,0.38017474750410934
18.708,0.3800505646477031,0.37564226606197737,0.4617447137242302,0.46175610535378325,0.3756239783933392,0.38005897840463876
18.758,0.37997337885567173,0.37555984113581015,0.4616620938507505,0.4616734864530146,0.375541540242338,0.37998179657121073
18.808,0.3798575961087891,0.37543618589632594,0.46153815367129586,0.4615495491823178,0.3754178906662916,0.3798660190262141
18.858,0.3797804256145168,0.3753537659377923,0.46145554143035195,0.4614669387842248,0.3753354679896272,0.37978885110377814
18.908,0.3796646613932229,0.3752301244746376,0.4613316103239512,0.4613430102027961,0.37521182261833924,0.379673092331821
18.958,0.37958749442734646,0.37514770163875855,0.4612489950621447,0.461260397093843,0.3751294005296077,0.37959592841156176
19.008,0.37947175050951254,0.37502407191962955,0.46112507413223475,0.4611364790983341,0.37500576676389547,0.37948018950962265
19.058,0.3793945907884181,0.37494165158335774,0.46104245973208574,0.4610538667492971,0.37492334571667507,0.37940303319653645
19.108,0.3792788617164129,0.3748180276107875,0.4609185436330549,0.46092995372865503,0.37479971969805187,0.3792873089830237
19.158,0.3792017127101533,0.37473561283354,0.4608359334045572,0.4608473455203596,0.3747173031904717,0.37921016337949226
19.209,0.379085997493618,0.3746119944327963,0.4607120213324876,0.46072343657908893,0.3745936830565617,0.3790944531430693
19.258,0.3790088592602829,0.374529584977851,0.4606294153026166,0.4606408327398441,0.3745112718317471,0.3790173183552467
19.308,0.3701663443881336,0.36626726354423883,0.4438135474084746,0.4438257042895826,0.36624588195869384,0.3701736760295549
19.358,0.367073301147201,0.36336552500169794,0.4378877562392045,0.43790023477765244,0.36334300389686386,0.3670802278647259
19.408,0.36360645842645245,0.36010709721155854,0.43121797357021147,0.4312307771412212,0.36008338948252566,0.3636129058882613
19.458,0.3617424807038106,0.358352769063933,0.4276199630587104,0.42763295997506234,0.35832841083610123,0.36174866269001793
19.509,0.3593688673899265,0.3561164745952494,0.42302691774761286,0.42304015442158055,0.3560912790868255,0.35937471657979364
19.558,0.35799211533752917,0.35481819501621603,0.42035743218966193,0.4203708122967401,0.3547925328660827,0.3579977681719979
19.608,0.3561563345681364,0.35308572671775595,0.41679243544708294,0.4168060072363435,0.35305942545543056,0.35616172382988925
19.658,0.3550552772514729,0.35204589158690497,0.4146516585202413,0.41466534617006184,0.35201921317950974,0.3550605084766544
19.708,0.3535519167798987,0.3506251960521399,0.41172622312174756,0.4117400704482411,0.3505980055339838,0.35355693080861245
19.758,0.35263326762949565,0.34975651393403034,0.4099375946204982,0.40995154015750496,0.3497290086035193,0.35263814895672824
19.808,0.35136103390608997,0.3485527499343197,0.4074599261105889,0.40747400841387654,0.34852481476268,0.351365731386077
19.858,0.35057450826409686,0.3478081052847753,0.40592819840663347,0.40594236574335263,0.34777990447748103,0.3505790919516406
19.908,0.3494751370856787,0.3467666518462615,0.4037878914133405,0.40380217811536334,0.3467380818099641,0.3494795621239367
19.958,0.3487901794492733,0.34611738417167165,0.4024551533874938,0.40246951474948,0.34608858603803516,0.34879450581274113
20.008,0.3478267361098297,0.3452035783385709,0.40058219072065115,0.4005966575455269,0.34517446030659843,0.3478309240962472
20.058,0.34722324082216316,0.34463081002281293,0.3994103202679192,0.399424853317549,0.3446014932342974,0.34722734251011217
20.109,0.3463706273123624,0.3438210754466205,0.3977571010266651,0.3977717279381757,0.3437914796039068,0.3463746076409344
20.158,0.3458345485731171,0.34331160637497316,0.39671945074633475,0.3967341368031884,0.3432818362265622,0.345838453060778
20.208,0.3450747993849499,0.3425890526328749,0.39525187378546733,0.3952666438087009,0.3425590375329938,0.3450785971340089
20.258,0.34459582407980655,0.3421331830573941,0.3943288507088543,0.39434367373767065,0.34210301469545723,0.3445995550697773
20.308,0.3439155405467948,0.34148520384393766,0.39302144705489833,0.39303634543125093,0.34145481969256736,0.34391917757355245
20.358,0.343485850473808,0.3410755754851886,0.3921981729872914,0.39221311897421546,0.3410450563169003,0.3434894287643292
20.408,0.34287464384874033,0.3404923906123907,0.391031139228804,0.3910461529229475,0.3404616812369383,0.342878139548288
20.459,0.34248810036245997,0.3401232229097331,0.3902958947995221,0.39031095127796167,0.34009239450922907,0.34249154449355784
20.508,0.34193771390564837,0.33959705573390303,0.38925343352858305,0.3892685508712453,0.33956605966720094,0.34194108564867265
20.558,0.3415893497558666,0.33926366956125037,0.38859668978037426,0.3886118455647601,0.3392325686755126,0.34159267641231256
20.608,0.34109300823134675,0.33878813725004603,0.38766576302971045,0.3876809734626884,0.33875688889838107,0.3410962717552596
20.658,0.34077869187948084,0.3384866402807152,0.38707954040491455,0.3870947853440486,0.33845529977764616,0.34078191619927944
20.708,0.3403307281833051,0.33805640362998984,0.3862491663025293,0.38626446023764777,0.3380249337739457,0.3403338978186752
20.758,0.34004698711880316,0.3377835243796531,0.38572670973532924,0.3857420346776471,0.33775197366370907,0.3400501229512431
20.808,0.3396425482270021,0.33739401199922386,0.3849874014273423,0.38500277030820684,0.3373623480570965,0.3396456371241399
20.858,0.3393863716912984,0.3371469146387151,0.384522797544152,0.38453819411999435,0.33711518023392334,0.33938943170200536
20.908,0.3390212546919041,0.33679416843358284,0.38386626213489466,0.383881697918806,0.3367623355674576,0.33902427483550696
20.958,0.3387900269765123,0.33657039014863,0.38345432492096826,0.3834697853369122,0.3365384962640349,0.33879302276004725
21.008,0.3384605149131532,0.3362509115560138,0.3828731501717525,0.38288864543935736,0.336218932666707,0.3384634773202168
21.058,0.3382518909753335,0.33604824586038357,0.38250917678580887,0.3825246939070568,0.3360162144693976,0.33825483316623867
21.108,0.3379546985139337,0.3357589442345592,0.3819967444195506,0.3820122923761659,0.3357268400321179,0.3379576132753963
21.158,0.33776660329651015,0.33557543965748776,0.38167653237011173,0.38169209961649064,0.33554329073217215,0.33776950165051517
21.208,0.3374987640333094,0.33531352638288564,0.38122680132209175,0.38124239570051494,0.3352813158354448,0.33750164043394704
21.258,0.3373293349987478,0.33514743254082796,0.3809465393701804,0.38096215070494227,0.33511518429808707,0.3373321984731003
21.308,0.33708820357650715,0.334910422358656,0.38055407054733703,0.38056970562234826,0.33487812262666683,0.33709105011655244
21.358,0.3369357450058419,0.3347601468786695,0.3803102531701268,0.38032590302431213,0.33472781591059436,0.3369385818120143
21.408,0.33671890596841864,0.3345457723373189,0.37997003033132726,0.37998570081766053,0.33451339910801786,0.33672173044112413
21.458,0.33658190025836116,0.33440989098954443,0.3797594926388392,0.3797751758923545,0.33437749250906296,0.33658471795012257
21.508,0.3363871909290398,0.3342161232178749,0.37946698591288425,0.37948268699225224,0.33418369077138854,0.33639000047624223
21.558,0.33626427081440163,0.33409335372748855,0.3792868523668853,0.3793025643694039,0.33406090141757633,0.33626707626448527
21.608,0.33608971094718,0.3339183363740723,0.37903787873419403,0.37905360591702975,0.3338858578440715,0.33609251210652175
21.658,0.3359796243251942,0.33380750543158005,0.378885494359619,0.37890123082270305,0.33377501184224,0.3359824238416605
21.708,0.3358234657425274,0.3336496004890183,0.37867633509376886,0.3786920843151166,0.33361708772747045,0.3358262644906788
21.759,0.3357250886381617,0.3335496553395765,0.37854930007445814,0.37856505704120097,0.3335171319768404,0.3357278879861677
21.808,0.3355857276079773,0.3334073612153191,0.3783765197421548,0.3783922872407155,0.33337482516735323,0.3355885294374989
21.858,0.33549806860825127,0.33331737367917874,0.3782727037409758,0.3782884775902267,0.3332848311253911,0.33550087308476373
21.908,0.3353740819698634,0.33318935849390335,0.37813323451266,0.3781490168704854,0.33315680905467354,0.33537689187603
21.958,0.3352962277996142,0.3331084741879121,0.37805066299980294,0.3780664504116876,0.3330759219863554,0.3352990422372309
22.008,0.33518632909656776,0.33299353457667574,0.3779417158702161,0.37795750991714205,0.3329609808697569,0.3351891516633727
22.059,0.3351174703545206,0.332920996548537,0.3778786294076978,0.3778944273146581,0.33288844353247743,0.3351202991898808
22.108,0.335020515799819,0.33281806302836225,0.37779771149262104,0.3778135143173552,0.33278551347425167,0.33502335524615456
22.158,0.3349599302783082,0.33275319614312177,0.3777525319221471,0.3777683375154254,0.3327206504002053,0.3349627775660562
22.208,0.33487489353161537,0.3326613094643272,0.37769739503134886,0.3777132039312508,0.3326287718343682,0.33487775373109196
22.259,0.33482194469322485,0.33260351886445844,0.3776687242147218,0.37768453488662546,0.33257098788521966,0.33482481417158
22.308,0.3347479237271685,0.332521836182979,0.3776373827214948,0.3776531952487176,0.3324893174882068,0.3347508082107603
22.358,0.3347020305875691,0.3324705791201146,0.3776239394238149,0.37763975275434375,0.33243806986531327,0.3347049257111824
22.408,0.3346381874495891,0.33239831795730046,0.37761454135763384,0.37763035521689264,0.33236582476067594,0.33464109948735604
22.458,0.3345988388617413,0.33235311705226916,0.37761519293139906,0.377631006707567,0.33232063586457905,0.3346017627866134
22.508,0.3345444675514146,0.33228961801255025,0.3776261694150832,0.3776419824793218,0.3322571564588711,0.3345474101674646
22.558,0.3345112094887837,0.3322500493660719,0.37763990510311163,0.37765571726160874,0.33221760215393203,0.33451416513497273
22.608,0.3344656370904488,0.33219468440591815,0.37766975695699545,0.37768556723164676,0.33216226021025275,0.33446861307628206
22.658,0.33443805554899286,0.3321603616394196,0.3776956517876989,0.37771146041937714,0.3321279538843869,0.3344410456131346
22.708,0.3344007138024633,0.3321126002817655,0.37774310583284415,0.37775891145799717,0.3320802187537245,0.33440372573921356
22.758,0.33437843566431424,0.3320831752391397,0.3777803231711742,0.3777961264793156,0.33205081212933085,0.33438146265476226
22.808,0.3343487882115539,0.3320425171438138,0.3778441748348276,0.3778599741101849,0.33201018322163084,0.3343518384986255
22.858,0.33433148104643756,0.33201767967198603,0.3778919662042445,0.3779077625014137,0.3319853660592325,0.3343345472904308
22.908,0.3343090562008087,0.3319836848336063,0.3779711513357822,0.37798694266133903,0.3319514031201933,0.3343121470473437
22.958,0.33429641589914516,0.3319631513298113,0.3780288299231137,0.3780446176559994,0.3319308916978764,0.33429952355179743
23.008,0.3342807792038959,0.3319354145922951,0.3781223659449148,0.37813814781177135,0.3319031894490376,0.33428391268390917
23.058,0.33427251439183825,0.33191891341095364,0.3781892736553093,0.3782050513440327,0.33188671206224873,0.33427566546502535
23.108,0.3342632635416079,0.3318970597945415,0.37829624849260035,0.3783120195083677,0.3318648952725404,0.3342664415657881
23.158,0.33425912041415573,0.3318843543816743,0.3783718089852302,0.3783875752739081,0.3318522152216382,0.3342623167578321
23.208,0.3342558757193451,0.3318680299962998,0.3784913618072783,0.37850712063176356,0.3318359300058434,0.33425910007500176
23.258,0.3342556268292798,0.3318589083964881,0.3785750567859625,0.3785908104025693,0.33182683518946193,0.334258870182677
23.308,0.33425803781400554,0.3318477867975479,0.37870639107418913,0.3787221364959759,0.33181575487193454,0.33426131014132565
23.358,0.3342614572908011,0.33184203858134537,0.37879770738884977,0.3788134471177792,0.33181003484607896,0.3342647492546949
23.408,0.33426919308005276,0.3318358116382572,0.378940071566459,0.37895580241422194,0.3318038512169403,0.3342725149315663
23.458,0.33427605417911227,0.3318332257417945,0.37903849549155494,0.37905422019150603,0.3318012948584703,0.3342793962485159
23.508,0.3342888139658949,0.3318316134015967,0.37919120476856877,0.3792069199738343,0.33179972765710447,0.3342921867586847
23.558,0.33429892676465317,0.331832013002014,0.37929630349714893,0.37931201214836674,0.33180015800027385,0.33430232030259877
23.608,0.3343164049710477,0.33183473090644217,0.3794586655188781,0.37947436408015695,0.33180292278607365,0.33431982999738774
23.658,0.334329567571849,0.3318379282258673,0.3795699822526487,0.37958567386156533,0.3318061520634255,0.3343330138777599
23.708,0.3343514853709892,0.3318447169505247,0.37974136491355664,0.37975704588316433,0.3318129893460542,0.3343549638810081
23.758,0.33436750641956897,0.3318505339735731,0.3798584676332902,0.3798741412963963,0.33181883937555207,0.33437100663943226
23.808,0.33439357055867974,0.3318611208719157,0.3800382108728158,0.3800538733595138,0.3318294764721377,0.33439710365133385
23.858,0.33441226997540885,0.3318693902426543,0.38016069328803237,0.38017634818417434,0.33183777968469264,0.33441582516709634
23.908,0.33444222500078163,0.33188353779135044,0.38034822068219726,0.380363863901072,0.33185197891450396,0.3344458136549487
23.958,0.33446341145742253,0.3318940817199954,0.38047565490051155,0.380491290247009,0.33186255760211475,0.33446702261768735
24.008,0.3344969857105167,0.33191153754473246,0.38067035871813953,0.38068598196103004,0.33188006645772655,0.3345006308680453
24.058,0.3345205006161311,0.33192420851447035,0.3808023886916442,0.38081800373874114,0.33189277316286486,0.3345241686160445
24.108,0.3345574201503556,0.3319447182289042,0.3810036594982355,0.3810192620496609,0.33191333707515314,0.33456112264450905
24.158,0.3345830844649272,0.3319593500693556,0.3811398875974217,0.3811554817074246,0.331928005465826,0.3345868101199562
24.208,0.33462310064681533,0.33198268265814945,0.38134717311046407,0.3813627543335383,0.33195139348958086,0.3346268612162472
24.258,0.33465074030673775,0.33199911379045566,0.3814872145680411,0.38150278711892993,0.3319678618100249,0.33465452430677783
24.308,0.3346936034821548,0.33202503754253093,0.38169996372914095,0.38171552307345863,0.33199384216316613,0.3346974228214496
24.358,0.33472305970766564,0.3320431205074743,0.3818434682537247,0.38185901875048944,0.3320119628354386,0.3347269026433593
24.408,0.3347685135218698,0.3320713975249353,0.3820611189890051,0.38207665596317,0.33204029737809226,0.33477239214385957
24.458,0.3347996147993971,0.3320909731960383,0.38220771180765384,0.3822232397397515,0.3320599114813671,0.33480351726032864
24.508,0.33484740639731675,0.33212136891147837,0.3824297126411608,0.3824452268497545,0.3320903654175483,0.33485134480573964
24.558,0.33487998753768894,0.3321422840120314,0.38257903472335086,0.3825945396830035,0.33211131962138,0.3348839499829269
24.608,0.3349298853374947,0.33217458353492724,0.3828048824999332,0.382820373492864,0.33214367812117757,0.33493388395269463
24.658,0.3349637841508145,0.33219668771905736,0.3829565830431101,0.3829720647104181,0.33216582181759874,0.3349678069507673
24.708,0.3350155286911747,0.3322306504476772,0.38318571940738316,0.38320118690704286,0.33219984415058973,0.3350195878133251
24.758,0.3350505928356888,0.33225380233393526,0.38333947036364485,0.38335492835634405,0.3322230360926789,0.33505467627831365
24.808,0.3351039619413683,0.3322892223154074,0.38357141846886333,0.38358686214609666,0.3322585162911887,0.3351080818857964
24.858,0.3351400276475894,0.3323132701834221,0.3837268699714814,0.38374230407327475,0.33228260450290587,0.3351441719783859
24.908,0.33519478414718773,0.33234992754864906,0.38396112454744397,0.3839765442375244,0.332319322457316,0.33519896505266433
24.958,0.3352316942039433,0.33237472562377945,0.3841179429540247,0.38413335294098877,0.33234416134236633,0.3352358995852112
25.008,0.3352876131535905,0.33241241189764664,0.3843540273465705,0.38436942281289105,0.33238190863770284,0.3352918551851101
25.058,0.3353252147356677,0.33243781858622395,0.38451189016485443,0.3845272758903983,0.33240735629406065,0.33532948124755774
25.108,0.3353820558924941,0.3324763111200906,0.3847492990552571,0.38476467016870947,0.33244591026971615,0.3353863590654049
25.158,0.33542020387433036,0.3325021920606526,0.3849079011059737,0.38492326248931324,0.3324718321410481,0.33542453150004686
25.208,0.33547773777062656,0.3325412783206594,0.3851461546629409,0.3851615013789564,0.3325109802501305,0.33548210207472823
25.258,0.3355162892724779,0.33256750106500366,0.38530519831542676,0.38532053528816335,0.33253724403120705,0.33552067799086294
25.308,0.33557432614502025,0.33260700534581605,0.38554390191467636,0.3855592241997884,0.33257681018627516,0.3355787514828352
25.358,0.3356131230463284,0.33263342346825603,0.3857030592669958,0.3857183717891848,0.33260326958361763,0.335617572782859
25.408,0.33567142970547487,0.3326731298167548,0.38594173062524845,0.3859570284997456,0.33264303791259375,0.335675915974734
25.458,0.33571035118459697,0.3326996314801201,0.3861007530697339,0.3861160411956175,0.33266958077201325,0.3357148617449448
25.508,0.33576873727059897,0.33273936366238066,0.3863390014969687,0.3863542750199356,0.33270937489286356,0.3357732842165057
25.558,0.33580762433925093,0.33276580169881986,0.3864975627768859,0.3865128265906803,0.33273585416185625,0.3358121955144173
25.608,0.33586588187386995,0.33280536727438476,0.38673496354844933,0.38675021281807226,0.3327754815900813,0.33587048929158175
25.658,0.3359046261835885,0.33283164141634103,0.3868928438628856,0.38690808348902134,0.33280179691851997,0.3359092576900034
25.708,0.33596254738801146,0.33287084814560763,0.38712897465834606,0.38714419983233483,0.3328410652518184,0.3359672149388168
25.758,0.33600101497194473,0.33289683444534973,0.38728590291620246,0.38730111850848337,0.332867092590779,0.33600570646900596
25.808,0.3360584293055076,0.3329355245272305,0.38752042087560185,0.38753562210750964,0.33290584420814845,0.3360631566544963
25.859,0.33609649851576,0.3329611105052312,0.387676152572792,0.3876913442993151,0.3329314710819013,0.336101249661134
25.908,0.3361532241929382,0.3329991158821316,0.38790869338157463,0.38792387092943675,0.33296953752138847,0.336158010905576
25.958,0.3361907740909198,0.3330241896778637,0.3880629866868599,0.3880781548043786,0.3329946520744525,0.33619558443439
26.008,0.3362466269982827,0.3330613401829138,0.38829318282615144,0.3883083369634975,0.33303186314917765,0.33625147262666355
26.058,0.3362835469886926,0.33308579958819423,0.38844581891111307,0.38846096368723515,0.3330563632859394,0.3362884161138294
26.108,0.3363383839086243,0.33312196279747397,0.38867338891069225,0.38868851984471664,0.33309258669000197,0.3363432879811188
26.158,0.33637455195534105,0.3331456951573371,0.3888241254482624,0.3888392472033105,0.3331163591832494,0.3363794792789397
26.208,0.3364282023141282,0.3331807134747101,0.3890487334399786,0.38906384151181184,0.33315143751641113,0.3364331643125959
26.258,0.33646353775138493,0.33320364426579996,0.38919741460896784,0.3892125136428588,0.3331744080052911,0.33646852275195815
26.308,0.3365158580177833,0.3332373852574859,0.3894187813313256,0.3894338669085199,0.33320820851588534,0.3365208773890784
26.358,0.33655026193225746,0.33325942306268885,0.38956521469183714,0.38958029133954075,0.3332302857252388,0.33655530402559636
26.408,0.33660109511536074,0.3332917419317475,0.3897830340682449,0.38979809755953565,0.33326266317775305,0.336606171214257
26.458,0.3366344742214426,0.33331280071120134,0.38992703962193725,0.38994209430202453,0.3332837613158414,0.33663957285370155
26.508,0.33668370761012273,0.33334359338701697,0.3901410974808949,0.39015613920285025,0.33331461198345175,0.3366888398596995
26.558,0.33671596612835036,0.33336358490473084,0.39028249078719496,0.39029752391642614,0.3333346421853352,0.33672112062534193
26.608,0.3367634729141656,0.3333927344222033,0.3904925450812133,0.39050756548061283,0.33336384920203455,0.33676866059975985
26.658,0.33679454020679567,0.33341159366945217,0.3906311930743128,0.3906462051050851,0.3333827464549994,0.336799749885196
26.708,0.3368402027178778,0.3334389917094527,0.39083702144577026,0.3908520210191143,0.3334102013360875,0.3368454451868541
26.758,0.3368700026396254,0.33345664840495814,0.39097278090182297,0.3909877722300517,0.33342789572953263,0.33687526683997193
26.808,0.3369137150610954,0.33348219760481607,0.39117418537812565,0.3911891645504086,0.3334535009594616,0.3369190116309924
26.858,0.336942182186569,0.33349859164222084,0.39130693501437336,0.39132190617523827,0.33346993203112885,0.3369475001754992
26.908,0.3369838452357985,0.33352220061287424,0.3915037319753181,0.3915186912467655,0.33349359633559394,0.3369891951633367
26.958,0.3370109281441122,0.33353728717881215,0.3916333687738007,0.39164831964807545,0.3335087196464018,0.3370162997979173
27.009,0.3370505530916342,0.33355898252958177,0.39182550576011144,0.3918404371588456,0.33353046758509886,0.337055956602421
27.058,0.33707620125447985,0.33357271541965017,0.3919519288865789,0.3919668523959179,0.33354423033161507,0.33708162098609956
27.108,0.3371133826116665,0.3335920714651722,0.3921389054694961,0.3921538279355866,0.33356365011726885,0.3371188343462932
27.158,0.337137488047569,0.333604340258684,0.3922619655707672,0.39227687591580557,0.3335759450900896,0.33714295553538076
27.208,0.33717249012015227,0.3336216580304387,0.39244402215778557,0.3924589254038248,0.33359332108608586,0.33717799453779407
27.258,0.3371950552660831,0.3336324774512089,0.3925636955571098,0.39257859348535257,0.3336041822253189,0.3372005857916448
27.308,0.33722771694108544,0.33364759141415523,0.39274061130587995,0.3927554995046542,0.33361934182002473,0.3372332790293648
27.358,0.3372486876190513,0.3336569061888944,0.39285680602148676,0.39287168629611136,0.33362869447968396,0.33725426853470364
27.408,0.3372789405913556,0.333669747101788,0.39302846890734666,0.3930433374708245,0.3336415844437392,0.33728454797612983
27.458,0.3372982876262402,0.3336775350145382,0.39314113563396375,0.3931559972113448,0.33364940425716555,0.33730391385264696
27.508,0.3373260734134788,0.3336880523967537,0.39330745936799555,0.3933223102529315,0.33365997401851966,0.3373317277030497
27.558,0.3373437664758925,0.33369428379176025,0.39341654715480107,0.3934313915559512,0.3336662363603958,0.33734943973551
27.608,0.3373690457916904,0.33370244398835563,0.3935774668399964,0.3935923014837,0.3336744465754469,0.33737474777666265
27.658,0.33738505976725675,0.33370709515385405,0.39368293946797506,0.39369776775876597,0.3336791301298111,0.3373907805324528
27.708,0.3374070151444188,0.3337119951106673,0.39383753655246934,0.3938523704571444,0.33368408496436863,0.33741275374931584
27.758,0.3374222259653801,0.3337160402623767,0.3939403329218916,0.39395516279491377,0.3336881412122434,0.33742798477236186
27.808,0.33744248984223746,0.333719502746371,0.39409038268142216,0.39410520944222793,0.3336916262059009,0.33744827374723285
27.858,0.33745472057553616,0.3337205507716336,0.39418814460602947,0.3942029890712674,0.33369270592837535,0.3374605279283007
27.908,0.33747226354713394,0.3337214306289633,0.39433254050514466,0.39434738225804783,0.33369362704545347,0.3374780953234279
27.958,0.3374832388785941,0.33372136587787293,0.3944271265873719,0.394441956774719,0.33369359827082323,0.3374890872128431
28.008,0.33749834584811705,0.3337199890522667,0.3945661564625344,0.3945810018777648,0.3336922317276226,0.33750421322426954
28.058,0.33750716896559363,0.3337178518232726,0.39465657933850395,0.39467144804286186,0.33369010555398515,0.3375130502857323
28.108,0.33751911979135685,0.33371346077760344,0.39478953646606396,0.3948043612670986,0.3336857602619768,0.33752504584941956
28.158,0.3375268131102444,0.33371033446692394,0.39487694908524323,0.39489174773325364,0.3336826634764651,0.3375327543599421
28.208,0.33753647895505023,0.33370381698560014,0.3950046849772396,0.3950195142789198,0.33367617956669104,0.33754244506168996
28.258,0.3375420899446397,0.33369870299498255,0.3950880593977128,0.3951028623489741,0.333671098059809,0.33754807596113967
28.308,0.33754936339247404,0.3336899689469646,0.3952105361235901,0.39522533157724077,0.33366240782897694,0.33755537459856666
28.358,0.33755322184052033,0.3336832066107278,0.39529021756051624,0.3953050135708202,0.3336556694574927,0.3375592500047583
28.408,0.3375577697745476,0.33367190934989793,0.39540707520246937,0.39542185376462385,0.3336444161012775,0.3375638248102102
28.458,0.3375599608071691,0.3336635899816202,0.39548318995796217,0.39549796506223955,0.33363612351347455,0.3375660323818308
28.508,0.3375618946986084,0.33364983900982464,0.39559458077548165,0.39560934866726183,0.33362241126130443,0.3375679916780053
28.558,0.3375623243532271,0.33363986850914507,0.3956670237888927,0.39568178398781584,0.3336124680038373,0.3375684382961135
28.608,0.3375616955680321,0.3336237181682157,0.39577302622279803,0.3957877795437979,0.3335963562157315,0.3375678341892633
28.658,0.3375604012885407,0.3336121309864149,0.39584187515979774,0.3958566227550451,0.3335847946904831,0.3375665564340458
28.708,0.33755719557055225,0.3335935666232902,0.39594249953030325,0.39595723854853265,0.3335662686199258,0.3375633752271411
28.758,0.3375542033664283,0.3335803890971964,0.3960078018093694,0.39602253594716347,0.33355311592756265,0.3375603991200515
28.808,0.3375484348090705,0.3335594238714288,0.39610309085931833,0.3961178169897698,0.33353218790569106,0.3375546546305364
28.858,0.33754373819883354,0.333544650511961,0.39616484517550615,0.39617956626928474,0.3335174387916954,0.33754997387576463
28.908,0.33753545075843144,0.3335213263870194,0.39625489466360486,0.39626960836605685,0.3334941508507378,0.3375417100403806
28.958,0.33752908647853413,0.3335049913020159,0.3963131842522505,0.3963278930482126,0.3334778394548884,0.3375353613498733
29.008,0.3375182900750797,0.33347931843011863,0.39639802548436853,0.39641272717354553,0.33345220176732626,0.33752458811574454
29.058,0.33751026775651505,0.3334614311544364,0.3964528764328502,0.39646757342838584,0.3334343375996442,0.33751658109660015
29.108,0.3374969989801569,0.33343344411317155,0.39653259411112923,0.3965472842400746,0.33340638478113593,0.33750333506575503
29.158,0.3374873319904903,0.33341401759228123,0.3965840408938155,0.396598726624948,0.33338698077060847,0.3374936831389661
29.208,0.33747161581068214,0.3333837402626751,0.39665869595878794,0.3966733750941154,0.3333567366503714,0.33747798928936973
29.258,0.3374602347862302,0.333362711219913,0.39670660597306834,0.3967212808610226,0.3333357295818496,0.3374666230000547
29.308,0.33743676252666943,0.33332524557987336,0.3967656803346006,0.3967803493189234,0.3332982928320157,0.3374431727021491
29.358,0.3374239794688058,0.33330291212866375,0.39681064560402307,0.39682530669032384,0.3332759752375671,0.3374304044449378
29.408,0.3374130285788972,0.3332769534170791,0.39689445629766207,0.39690911589667405,0.33325005807394975,0.3374194763360228
29.458,0.3374125769428629,0.33326594652330277,0.39696392297825,0.3969785768814371,0.3332390760998697,0.3374190410951423
29.508,0.3374229166595764,0.33325956176183547,0.39708995751886034,0.3971046030700285,0.3332327374411655,0.3374294067223356
29.558,0.33743687076376305,0.33326179202778605,0.3971879717549237,0.3972026124130398,0.33323500114172494,0.3374433791386665
29.608,0.3374669812472289,0.33327356767129124,0.3973531331034861,0.3973677630624889,0.3332468299237026,0.3374735185620219
29.658,0.33749193448901144,0.3332858949526676,0.3974728489580798,0.397487471796348,0.33325919486806926,0.3374984916833294
29.708,0.33753407714840067,0.33330869947812153,0.39766164056564995,0.39767625194512446,0.33328205693750523,0.3375406649284038
29.758,0.33756361419267933,0.3333252132787879,0.39779025453890005,0.3978048574601993,0.33329860970101394,0.3375702225734711
29.808,0.3376071287703761,0.3333492299797183,0.3979814329079439,0.39799602349764657,0.3333226837502104,0.33761376786884156
29.858,0.3376338922283198,0.3333631563867966,0.3981043112995933,0.3981188934709035,0.3333366472499951,0.3376405515269945
29.908,0.3376680212383588,0.3333784833939094,0.39827652183224904,0.39829109171757626,0.3333520272425756,0.3376747098856884
29.958,0.3376854488817953,0.3333837841893323,0.3983806599118291,0.3983952221132522,0.3333573606862138,0.33769215629712795
30.008,0.3377018870013966,0.3333827819229962,0.39851748181238794,0.3985320331137114,0.33335640361157104,0.33770862117851047
30.058,0.3377057773599129,0.33337559451622756,0.3985945969552314,0.3986091417126038,0.3333492431945557,0.3377125283272719
30.108,0.3377007738832668,0.33335481921196963,0.3986886760237783,0.3987032121064037,0.33332850384790186,0.3377075484494962
30.158,0.33769062353892193,0.33333468613703854,0.39873782683581344,0.39875235788381647,0.33330839212803764,0.33769741283323124
30.208,0.3376668227542653,0.3332965800057809,0.3987944796203105,0.39880900429001487,0.33327031451148226,0.33767363286092267
30.258,0.33764683255793304,0.3332673724149651,0.3988240311113309,0.3988385523241854,0.3332411243531353,0.3376536559598509
30.308,0.3376136518574608,0.3332206064854384,0.39886196033295845,0.39887647705652535,0.3331943845835717,0.33762049469620475
30.358,0.33758981997712245,0.3331878441517139,0.39888381877032214,0.39889833290251314,0.33316163996688886,0.33759667544958394
30.408,0.337551596533747,0.3331364090912919,0.3989116485553254,0.39892615892303845,0.333110229478292,0.3375584705570285
30.459,0.337524516816301,0.33310064014343177,0.3989270034043846,0.39894151141467615,0.33307447655728195,0.3375314029926709
30.508,0.33748311623825905,0.33304647642134183,0.398947030221695,0.3989615349930304,0.3330203361322697,0.3374900201769657
30.558,0.3374514212825204,0.3330062221531635,0.39895459328225386,0.3989690961935868,0.3329800964545477,0.3374583370069776
30.608,0.33740404206199365,0.3329463107992405,0.3989641025393384,0.39897860273711405,0.3329202067068851,0.33741097498233596
30.658,0.337371039777438,0.33290505910409357,0.398967610534368,0.39898210917910704,0.332878968573179,0.33737798394365587
30.708,0.33731950019336715,0.3328412963875525,0.3989688029823944,0.39898329937239885,0.33281522588807844,0.3373264609456049
30.758,0.33728382041723176,0.3327975660662042,0.398966959460143,0.39898145459233275,0.3327715081377667,0.33729079201804757
30.808,0.3372283774910794,0.3327301900332619,0.39896035274281316,0.3989748461822882,0.33270415056855446,0.33723536509552093
30.858,0.33719016997346174,0.3326841197498056,0.3989534600428178,0.3989679524508847,0.33265809200589297,0.3371971680273859
30.908,0.33713106473810156,0.3326133536666692,0.3989395388869578,0.39895402997432644,0.3325873429806537,0.33713807826041065
30.958,0.3370904934526351,0.3325650952950386,0.3989279265882137,0.39894241699030014,0.33253909544730614,0.3370975171030037
31.008,0.3370279365788228,0.3324911342743593,0.3989071147472163,0.3989216042566157,0.33246515008040844,0.33703497515862874
31.058,0.33698513861312895,0.3324408147248175,0.3988910585062882,0.3989055475256225,0.33241484073767086,0.3369921870179827
31.108,0.33691933950984937,0.3323638526504531,0.3988637765472878,0.3988782650562992,0.33233789309801703,0.3369264023708071
31.158,0.3368744498358297,0.3323115970506895,0.3988435464074408,0.3988580346897029,0.33228564675373784,0.3368815221866282
31.208,0.33680559095192064,0.3322318029217,0.39881016072670783,0.3988246488671374,0.332205865919433,0.33681267732461495
31.258,0.33675871787769573,0.3321777115443242,0.39878597460349036,0.3988004627862179,0.33215178302005,0.3367658134215668
31.308,0.3366869914143108,0.3320952632427256,0.39874686969262196,0.39876135801858675,0.3320693469129875,0.3366941005441076
31.358,0.33663824064177755,0.332039434132944,0.3987189397332417,0.3987334283081675,0.3320135256808554,0.33664535873041157
31.408,0.3365638008217495,0.3319544745072002,0.39867442471636266,0.3986889137939089,0.33192857723516117,0.3365709320852025
31.458,0.3365133062127681,0.33189703142493493,0.3986430175402248,0.39865750705106145,0.33187114127943185,0.3365204461585542
31.508,0.33643630438635147,0.33180970064449133,0.39859339536428334,0.39860788564644856,0.33178382083318386,0.33644345714226437
31.558,0.33638414281236334,0.3317507149404142,0.3985586654302352,0.3985731564091233,0.3317248414175588,0.3363913039914051
31.608,0.3363047171681249,0.3316611410414125,0.39850421220574794,0.39851870424005736,0.33163527699226075,0.3363118908126362
31.658,0.336251006929302,0.33160072190906253,0.39846639542933415,0.3984808882659837,0.3315748638081705,0.3362581887887872
31.708,0.3361692927140028,0.33150903022085,0.39840738095311873,0.39842187513462124,0.33148318051192316,0.33617648668808203
31.758,0.3361140991521902,0.33144723845789115,0.39836660813641384,0.3983811033644243,0.33142139404831444,0.33612130113686156
31.808,0.3360302314132969,0.33135355382704684,0.3983033018476006,0.3983177986346604,0.33132771710110825,0.3360374452018797
31.858,0.3359736427283012,0.3312904709852812,0.39825974864153285,0.3982742466169638,0.33126463901498315,0.33598086431157514
31.908,0.33588774468741145,0.3311949074866291,0.39819239609009577,0.398206895876257,0.3311690824194776,0.3358949777925837
31.958,0.33582982330878525,0.33113059148014595,0.39814618710689226,0.39816068822330525,0.3311047706956254,0.3358370639997674
32.008,0.3357419996099461,0.3310332460134765,0.39807499709682526,0.398089500287069,0.33100743135114974,0.3357492515587655
32.058,0.3356828352062501,0.3309677796807231,0.3980263107475328,0.3980408153864746,0.33094196886653154,0.33569009456695553
32.108,0.3355931948156859,0.3308687531573019,0.3979514994213561,0.3979660063423828,0.3308429477394105,0.33560046516372366
32.158,0.33553284984265164,0.3308021943376783,0.3979004600839917,0.3979149686023701,0.3307763923359342,0.33554012742339995
32.208,0.3354414833773756,0.3307015705851857,0.39782220859183803,0.39783671957097533,0.33067577337446097,0.33544877172620174
32.258,0.3353800177758894,0.3306339749011902,0.39776893502165966,0.3977834477502898,0.3306081806109691,0.33538731318282095
32.308,0.33528703069766724,0.33053185142896474,0.39768745248480736,0.39770196794151125,0.3305060611772575,0.33529433662771846
32.358,0.33522450641059065,0.33046327601900277,0.3976320684233887,0.3976465856711184,0.330437488466665,0.33523181925779716
32.408,0.33512997694818764,0.33035972535242014,0.39754751009930545,0.39756203028475057,0.33033394118593296,0.33513730008492487
32.458,0.33506646753915625,0.3302902382766723,0.39749016106146673,0.3975046831218473,0.3302644564577646,0.33507379747788907
32.508,0.3349704716362509,0.3301853306547345,0.3974026781667161,0.3974172033993637,0.3301595516186275,0.33497781164796453
32.558,0.33490602607344633,0.3301149771794109,0.397343461366959,0.3973579885671601,0.3300892001203013,0.3349133727370586
32.608,0.33480865422800354,0.3300087962711198,0.3972532330029814,0.3972677634919853,0.32998302147177827,0.3348160107512043
32.658,0.3347433165819675,0.32993761728893817,0.397192236118699,0.39720676875678285,0.32991184401967594,0.33475067965985944
32.708,0.33464464669080174,0.3298302350141818,0.39709941689826367,0.39711395286149437,0.32980446377884015,0.3346520194514613
32.759,0.33457846317834494,0.32975827325907914,0.397036731190873,0.3970512694807369,0.329732503030537,0.334585842330743
32.808,0.33447856990613517,0.329649758692876,0.3969414692305987,0.3969560109829884,0.3296239901010845,0.33448595861023667
32.86,0.3344115738921507,0.3295770450650931,0.39687716142523566,0.39689170557352,0.32955127721737004,0.33441896887883654
32.908,0.33431051903503417,0.3294674555106739,0.396779578546858,0.3967941264061631,0.3294416885612927,0.3343179233860459
32.959,0.33424278258725165,0.3293940563301165,0.3967137908078345,0.39672834106629334,0.3293682900691789,0.33425019311024134
33.008,0.33414063022580215,0.3292834508646469,0.39661401426684845,0.39662856833286864,0.32925768511116776,0.33414804994721
33.058,0.3340721855773377,0.32920939618465356,0.39654681043081813,0.3965613670597443,0.32918363070596846,0.3340796113929885
33.108,0.33396900751159087,0.3290978410440045,0.3964449822314729,0.3964595427330001,0.3290720757516372,0.33397644238552937
33.158,0.3338998855393906,0.32902315941223026,0.3963764232461582,0.3963909864097419,0.32899739408941864,0.33390732639516446
33.208,0.3337957308902331,0.32891070009550155,0.396272640638215,0.396287207799765,0.32888493460901697,0.3338031806742615
33.258,0.33372597881058735,0.32883543498395357,0.3962028201386364,0.39621739001384737,0.3288096692492534,0.3337334344868223
33.308,0.33362089209743656,0.3287221127543617,0.39609717109444154,0.39611174515854136,0.32869634636766604,0.3336283565856668
33.358,0.3335505407989349,0.3286462927292981,0.3960261499726881,0.39604072676349517,0.3286205259180405,0.3335580110719002
33.408,0.3334445988417806,0.3285321782359865,0.39591878597461944,0.3959333670410273,0.3285064105101612,0.33345207778416613
33.458,0.3333736910571712,0.328455842805214,0.3958466486991128,0.3958612325944276,0.3284300743731705,0.3333811757545098
33.508,0.3332669260769177,0.32834096597164886,0.3957376336133278,0.39575222186094144,0.3283151963464705,0.3332744193242883
33.558,0.33319549433544765,0.32826414509546537,0.3956644441460101,0.3956790353008623,0.3282383745114553,0.3332029932417926
33.608,0.3330879523377494,0.3281485483858993,0.3955538688413503,0.39556846442390986,0.32812277628471703,0.333095459673807
33.658,0.3330160270460293,0.3280712701701101,0.39547968751187157,0.3954942861192517,0.3280454968665979,0.3330235400103588
33.708,0.3329077679585245,0.3279550087566842,0.39536767005750295,0.39538227315660535,0.3279292337109728,0.332915289239413
33.758,0.33283536625105153,0.3278772889812161,0.39529253054544333,0.3953071366957594,0.32785151251112016,0.33284289303561715
33.808,0.3327264344622942,0.327760403936567,0.39517915864896536,0.395193769411972,0.3277346254774556,0.33273396953794526
33.858,0.3326536005514276,0.32768228325765936,0.3951031483830394,0.39511776218992317,0.32765650335147145,0.33266114108405587
33.908,0.3325440304737823,0.32756480639175395,0.39498848935000574,0.3950031079656115,0.3275390238799262,0.33255157915753397
33.958,0.33247077980202605,0.3274862991521826,0.3949116387553943,0.39492626046916735,0.3274605151342872,0.3324783338971351
34.008,0.3323606155159474,0.327368270858568,0.3947957799780993,0.3948104064539811,0.32734248418789136,0.3323681776578626
34.058,0.33228698080375707,0.32728940733091044,0.3947181531416055,0.39473278281409807,0.32726361882481964,0.33229454831405913
34.108,0.33217625297400055,0.32717085601203333,0.39460115517603866,0.3946157896759895,0.32714506474601773,0.332183828490901
34.158,0.332102249268755,0.32709164997235,0.39452278210585834,0.39453741982527557,0.3270658567788825,0.332109830084543
34.208,0.33199100426365385,0.3269726183313851,0.3944047359448019,0.3944193785760722,0.3269468219742021,0.33199859299490553
34.258,0.3319166730284134,0.32689310792640586,0.3943256980986561,0.3943403440345423,0.3268673095216078,0.33192426703410655
34.308,0.3318049293769498,0.32677361303428326,0.3942066403964722,0.3942212912764692,0.3267478113670738,0.3318125312082406
34.358,0.331730289108258,0.32669381531092195,0.39412697431114985,0.3941416285035961,0.32666801144513313,0.3317378961778041
34.408,0.3316181034191572,0.3265739092081733,0.3940070164819824,0.3940216757338466,0.326548101838157,0.33162571826102794
34.458,0.3315431573710525,0.32649382721702835,0.3939267286020784,0.3939413911560877,0.32646801761209787,0.33155077739708083
34.509,0.33143054520480747,0.3263735243548326,0.3938059012498372,0.39382056890151984,0.3263477110742118,0.3314381729615583
34.558,0.3313553363212847,0.326293197535187,0.3937250759249113,0.39373974698835656,0.3262673817913872,0.3313629692131604
34.609,0.3312423176813967,0.32617251630064426,0.39360341860896514,0.3936180947980364,0.32614669675271857,0.33124995824831327
34.658,0.33116685988757094,0.32609195747987163,0.3935220831886989,0.39353676281328964,0.3260661353965195,0.3311745055510377
34.708,0.33105349176923843,0.32597095023488837,0.393399707634479,0.3934143924981879,0.32594512403386094,0.3310611450519602
34.758,0.33097778804794425,0.3258901622279433,0.39331786830130244,0.3933325565800721,0.3258643334931312,0.3309854464134152
34.808,0.33086407339453705,0.325768831671778,0.3931947806809833,0.3932094741970474,0.32574299878609747,0.3308717393152343
34.858,0.33078816718447923,0.32568785436069636,0.39311252226331866,0.3931272192418071,0.32566201874186473,0.33079583814599955
34.909,0.3306741351943875,0.3255662273877825,0.3929887799847111,0.3930034822499844,0.32554038753974196,0.33068181369686994
34.958,0.3305980292570831,0.32548506332447663,0.3929061083609914,0.3929208141566188,0.32545922057842086,0.3306057127742375
35.008,0.33048372457186126,0.32536318078435006,0.3927817990161678,0.392796510092952,0.3253373337481078,0.33049141557204814
35.058,0.3304074329180803,0.32528184285167067,0.3926987415343163,0.3927134561887247,0.32525599277112593,0.3304151288925658
35.108,0.3302928588841259,0.32515970802078586,0.3925738716695298,0.3925885916622563,0.32513385354692315,0.330300562328224
35.158,0.330216396699545,0.32507821012733207,0.39249045841276986,0.392505181975196,0.32505235260000137,0.3302241051075874
35.21,0.3301015841260896,0.3249558511929295,0.3923650884647064,0.39237981740572103,0.32492998910868726,0.3301092999390458
35.258,0.3300249671036388,0.32487420782706694,0.39228134998735315,0.39229608251518205,0.3248483425865112,0.3300326878658483
35.308,0.32990992964761356,0.3247516374212656,0.3921555069954797,0.39217024495649344,0.3247257674874728,0.3299176578166392
35.358,0.32983318653605165,0.3246698746646257,0.3920715000677916,0.3920862416092911,0.32464400165136853,0.3298409195990116
35.427,0.32967952093895725,0.32450618079280963,0.3919031085187293,0.39191785738014395,0.3244803012337022,0.329687263834475
35.458,0.3296410742623032,0.32446522865325894,0.39186094598800686,0.3918756966256535,0.3244393475785538,0.3296488196236174
35.508,0.329525664192916,0.32434230580163254,0.3917343081293865,0.3917490642656674,0.3243164198621953,0.32953341686544435
35.558,0.3294486744756135,0.324260309951051,0.39164977476280605,0.3916645344928165,0.32423442072893865,0.3294564320333115
35.608,0.3293331013535145,0.32413723234660097,0.39152278507466404,0.39153755035304116,0.32411133820619115,0.3293408662451852
35.658,0.3292560041813489,0.32405513434165384,0.39143801985733123,0.391452788790103,0.32402923689851143,0.32926377392964046
35.708,0.32914029731574906,0.32393192875664784,0.3913107356753631,0.39132551014932876,0.3239060261194012,0.3291480743453715
35.758,0.3290631066963342,0.32384974151836354,0.39122576600453635,0.3912405441397291,0.3238238356499574,0.32907088861603295
35.808,0.3289472689229881,0.3237264104676001,0.39109819325367784,0.39111297695026137,0.3237004994073919,0.3289550580946691
35.858,0.3288700144305228,0.3236441610276196,0.39101307673183294,0.3910278640651284,0.3236182466523394,0.3288778084558991
35.908,0.3287540596425473,0.3235207173319799,0.3908852426235588,0.3909000355786508,0.32349479771393574,0.3287618609386013
35.958,0.3286767285411115,0.32343839399726626,0.390799954764509,0.3908147513673358,0.32341247102722037,0.32868453466905895
36.008,0.328560687779064,0.3233148659689394,0.3906719199272056,0.3906867221267713,0.3232889377065639,0.3285685011370661
36.058,0.3284832942564395,0.3232324818764128,0.39058648822892134,0.39060129417976613,0.3232065501632204,0.3284911124783785
36.108,0.3283671670991942,0.32310886906958297,0.39045825226277897,0.3904730637449513,0.3230829321417222,0.328374992538684
36.158,0.3282897267002682,0.3230264383498215,0.39037270702525845,0.39038752228076506,0.3230004977957513,0.3282975569563268
36.208,0.32817352876464134,0.32290275514197875,0.3902443003370258,0.390259121188915,0.322876809381515,0.32818136625977884
36.258,0.3280960549502086,0.32282028999642937,0.3901586683031935,0.3901734928959296,0.3227943406376921,0.3281038972521547
36.308,0.3279798035463588,0.32269655226861566,0.39003012447794094,0.390044954755659,0.32267059740419707,0.3279876530596309
36.358,0.3279022840398005,0.3226140415234359,0.38994438167822915,0.38995921569130565,0.3225880831502364,0.3279101383757902
36.408,0.3277859926926926,0.3224902614236227,0.3898157275502405,0.38983056715806436,0.3224642977079503,0.32779385420693263
36.458,0.3277084553485962,0.3224077305657129,0.3897299282820379,0.3897447716792044,0.32238176316649064,0.32771632167584114
36.508,0.32759212414017597,0.3222839083345586,0.38960116395035826,0.3896160129819694,0.32225793559056054,0.327599997690578
36.558,0.32751457209860835,0.32220136012802486,0.38951531445670945,0.3895301672430847,0.32217538377274485,0.32752245044711153
36.608,0.3273982165951277,0.3220775099640313,0.38938647015712813,0.38940132865528987,0.3220515279782905,0.32740610212746357
36.658,0.3273206480609153,0.32199494278698376,0.38930056714229255,0.3893154293550304,0.3219689573489873,0.32732853842529025
36.708,0.32720428365348736,0.3218710786445993,0.38917167309968237,0.3891865410170174,0.3218450875897376,0.32721218118964346
36.758,0.327126712613173,0.32178850526139186,0.38908574367725063,0.38910061535058654,0.3217625106166864,0.327134614951986
36.808,0.3270103544631154,0.32166464091616304,0.3889568298315383,0.3889717071807056,0.32163864074429427,0.3270182639897645
36.858,0.3269327843784736,0.32158206455452776,0.38887088058703545,0.388885761725484,0.32155606070212384,0.32694069871299175
36.908,0.3268164187532244,0.32145818750197236,0.3887419199322836,0.38875680674764784,0.32143217814710107,0.3268243402831815
36.958,0.32673886163282845,0.3213756190110505,0.3886559745458995,0.38867086514735455,0.3213496059686971,0.3267467879609553
37.008,0.32662251620796173,0.32125175446910914,0.3885270211989775,0.388541917481385,0.32122573588749515,0.32663044973105887
37.058,0.32654495985396453,0.32116918274426126,0.38844105576497534,0.3884559558412813,0.3211431604643523,0.32655289817207217
37.108,0.32642863793162086,0.32104533372480565,0.3883121160861871,0.38832702186031737,0.3210193058836616,0.3264365834545117
37.158,0.32635110984923527,0.3209627837329682,0.3882261845547035,0.3882410940904122,0.32093675224644275,0.32635906015764915
37.208,0.3262348236574773,0.3208389613696482,0.38809728242922614,0.3881121977129611,0.3208129242139975,0.3262427811907223
37.258,0.3261572979332458,0.32075640955450974,0.38801133397203064,0.3880262529876879,0.32073036885650336,0.326165260252985
37.308,0.3260410474605605,0.3206326137754192,0.387882469357936,0.38789739412497815,0.32060656735326376,0.3260490169997138
37.358,0.3259635655919419,0.3205500979335696,0.387796585125443,0.3878115136529158,0.32052404792861794,0.32597153993890177
37.408,0.3258473540114242,0.32042633152364397,0.3876677642024626,0.38768269847056397,0.32040027579349345,0.32585533554010576
37.458,0.32576988831434295,0.32034382648886905,0.3875818900705751,0.38759682810891194,0.32031776716526955,0.3257778746956002
37.508,0.32565372950792154,0.32022010206454343,0.3874531399607482,0.38746808370818353,0.3201940371242879,0.3256617230630076
37.559,0.3255762922310746,0.32013761888017533,0.3873672997455708,0.38738224729133225,0.32011155021680315,0.3255842905976551
37.608,0.3254601860288059,0.32001393635374126,0.38723862032883144,0.3872535735606119,0.31998786219744796,0.3254681916534752
37.658,0.3253827943861616,0.3199314906406881,0.3871528475633863,0.38716780458166106,0.31990541280117435,0.32539080479680843
37.708,0.3252667425620378,0.3198078515900865,0.38702424196783136,0.387039204738241,0.31978176804794384,0.32527476021811436
37.758,0.32518939636194777,0.31972544319458807,0.3869385364841482,0.38695350302322074,0.3196993560278485,0.3251974188362493
37.808,0.3250733957770724,0.3196018446501762,0.3868099985095326,0.3868249707744051,0.3195757518374247,0.32508142547175783
37.858,0.32499609496011805,0.3195194735135759,0.38672436020241535,0.38673933625635626,0.31949337705724706,0.3250041295108938
37.908,0.3248801642500872,0.319395932376058,0.38659592626809464,0.3866109080272451,0.31936983032019883,0.32488820600642526
37.958,0.32480290725179956,0.31931359701025946,0.38651035197015104,0.38652533752986457,0.31928749125766726,0.3248109538582075
38.008,0.32468704490116546,0.3191901119954472,0.3863820190338362,0.38639701032614715,0.31916400062606537,0.3246950987534279
38.058,0.3246098212056409,0.3191078027988237,0.3862964880931688,0.3863114831453446,0.3190816878270533,0.32461787990196894
38.108,0.3244940392321217,0.3189843846890701,0.3861682797774275,0.3861832805543373,0.31895826410998807,0.3245021051865962
38.158,0.32441687493285915,0.3189021253708246,0.3860828431172697,0.38609784767296823,0.31887600114744236,0.3244249457197008
38.208,0.324301150697051,0.31877875362134506,0.38595471491857625,0.38596972521456324,0.3187526237501742,0.32430922875370344
38.258,0.3242240320241673,0.3186965316902642,0.3858693455922035,0.3858843596634314,0.3186703982181672,0.3242321149451255
38.308,0.3241084037097019,0.31857324084481325,0.38574137217795385,0.3857563919746879,0.3185471017202413,0.3241164938689486
38.358,0.3240313304852671,0.318491056106779,0.3856560699458232,0.38567109354327345,0.3184649133487806,0.3240394255398994
38.408,0.3239157705433882,0.31836782112903766,0.38552819738459865,0.3855432266447928,0.3183416728966529,0.323923872848986
38.458,0.32383875994441724,0.3182856891195151,0.38544299561557677,0.3854580287041858,0.31825953714164457,0.3238468671187746
38.508,0.32372328375756126,0.3181625240320427,0.3853152539739525,0.38533029275516134,0.31813636657139804,0.32373139823538893
38.558,0.3236463171905354,0.3180804278069728,0.38523011630746434,0.38524515886121086,0.31805426672230375,0.3236544365312049
38.608,0.32353091120454114,0.31795732029821533,0.3851024787272741,0.3851175270399396,0.31793115355163576,0.3235390378480322
38.658,0.32345400547055947,0.31787527508954,0.3850174382189633,0.3850324902723617,0.31784910485043727,0.3234621370122744
38.708,0.3233386816201407,0.3177522357397352,0.3848899282611428,0.3849049860017294,0.31772605995472786,0.3233468204246379
38.758,0.3232618373290676,0.3176702422809646,0.38480498543172154,0.3848200470389545,0.3176440626993836,0.3232699810445351
38.808,0.32314659709534305,0.3175472724616214,0.38467760617985874,0.3846926733914803,0.31752108764819553,0.32315474814081224
38.858,0.32306978635514766,0.31746530515983035,0.3845927066616683,0.3846077777091871,0.3174391165108893,0.32307794223562064
38.908,0.322954630122592,0.3173424053978925,0.3844654583821529,0.3844805351408899,0.31731621131826837,0.32296279339813905
38.958,0.3228778771265155,0.31726048618773245,0.384380649819273,0.3843957303114342,0.3172342885837095,0.3228860452702211
39.008,0.3227628050727486,0.3171376564520841,0.3842535325353234,0.38426861879002866,0.3171114531715465,0.322770980543258
39.058,0.32268611314799434,0.3170557885164414,0.38416882125805074,0.38418391131709195,0.31702958165571304,0.3226942935694227
39.108,0.3225711112507526,0.3169330158800688,0.3840418078102579,0.384056903492288,0.31690680362975404,0.3225792989525843
39.158,0.32249446506512464,0.31685118520172983,0.3839571636334908,0.38397226316965044,0.3168249691991839,0.3225026577017186
39.208,0.32237954561076676,0.31672848102334994,0.38383027801195785,0.3838453831878603,0.31670225973961214,0.3223877456247725
39.258,0.3223029962815766,0.31664673378383057,0.3837458010994549,0.38376090993595263,0.3166205087404136,0.3223112011965554
39.308,0.3221910494395787,0.3165266998969842,0.38362466771139087,0.38363980927928826,0.31650049029947386,0.32219924796135835
39.358,0.322116404997301,0.3164466665153179,0.3835439051137385,0.38355905558927506,0.3164204663371022,0.32212460976895774
39.408,0.3220044629313288,0.3163266534533809,0.383422791561751,0.3834379306008572,0.31630042876503284,0.3220126761941079
39.458,0.32192984133630254,0.31624663731547004,0.38334204085243856,0.3833571930397946,0.3162204189060601,0.3219380589531628
39.508,0.32181791775040614,0.3161266240348458,0.38322092607337677,0.3832360804525047,0.31610040180393073,0.32182614376480695
39.558,0.32174331184615,0.3160466222142427,0.38314018706711056,0.38315534474032037,0.31602039465507314,0.32175154263362893
39.608,0.3216314119504281,0.3159266220971866,0.38301908044467287,0.3830342462041196,0.31590039328852393,0.32163965086823887
39.658,0.32155681973661737,0.31584662690200865,0.3829383471422957,0.38295351521110016,0.3158203955273434,0.32156506378960287
39.708,0.3214449436902285,0.3157266418828367,0.38281725151304413,0.3828324260774938,0.31570040531785004,0.3214531952818258
39.758,0.32137036644710326,0.3156466555028086,0.3827365241990761,0.3827517026820693,0.31562041708811356,0.32137862354482416
39.808,0.3212585124562939,0.31552668246874316,0.38261543823851624,0.3826306218643122,0.3155004405138604,0.3212667771355465
39.858,0.32118395100314195,0.31544670558456034,0.3825347175478823,0.3825499054167213,0.3154204603670637,0.3211922208464329
39.908,0.3210721194654526,0.31532674593460197,0.38241364128410643,0.38242883476214673,0.3153004975258481,0.3210803973610504
39.958,0.3209975729979833,0.3152467772468612,0.3823329270132706,0.3823481241765678,0.31522052636158227,0.32100585594111797
40.008,0.32088576477226294,0.3151268315116366,0.3822118606031661,0.382227063807264,0.3151005761976779,0.3208940555642795
40.058,0.32081123326624095,0.3150468716386472,0.38213115284366633,0.38214635976625116,0.31502061418759203,0.3208195293749718
40.108,0.3206994478162216,0.3149269386957187,0.3820100961126003,0.3820253087286892,0.3149006773602472,0.3207077516040283
40.158,0.32062493179016077,0.31484698808832867,0.38192939493926087,0.38194461152967935,0.31482072392848426,0.3206332408472247
40.209,0.32051316896690724,0.3147270683161953,0.38180834797961805,0.3818235702146204,0.31470080071384954,0.32052148592228974
40.258,0.3204386682358311,0.31464712639195075,0.3817276532926038,0.38174287936799245,0.3146208561237383,0.320446990338647
40.308,0.32032692850224126,0.3145272203086617,0.381606616198175,0.3816218481429453,0.3145009460314444,0.3203352585105525
